{
  "git_commit": "cd9cc4ae9597178e8a9ccd7b45d4578ca8b2ecb1",
  "seed": 0,
  "train_size": 3000,
  "eval_size": 1000,
  "epochs": 3,
  "problem_mode": "no_carry",
  "obs_size": 78,
  "action_size": 16,
  "metrics": {
    "final_train_loss": 1.2780443404583222,
    "final_eval_accuracy": 0.715,
    "all_train_losses": [
      1.6007132073666186,
      1.3380288824122002,
      1.2780443404583222
    ],
    "all_eval_accuracies": [
      0.715,
      0.715,
      0.715
    ]
  },
  "device": "cpu",
  "timestamp": "2026-04-14T02:50:50.943488Z"
}