{
  "git_commit": "f70b9adf4f6a3747b0f83975015216cb4d54b913",
  "seed": 0,
  "train_size": 4000,
  "eval_size": 1500,
  "epochs": 3,
  "operation": "subtraction",
  "train_problem_mode": "mixed",
  "eval_modes": [
    "no_borrow",
    "borrow_heavy"
  ],
  "eval_accuracy_by_mode": {
    "no_borrow": 0.5986666666666667,
    "borrow_heavy": 0.5093333333333333
  },
  "obs_size": 78,
  "action_size": 18,
  "metrics": {
    "final_train_loss": 1.58428788942004,
    "final_eval_accuracy": 0.5986666666666667,
    "all_train_losses": [
      1.8592890027969602,
      1.684029255594526,
      1.58428788942004
    ],
    "all_eval_accuracies": [
      0.598,
      0.598,
      0.5986666666666667
    ]
  },
  "device": "cpu",
  "timestamp": "2026-04-14T10:59:36.995097Z",
  "train_mix": {
    "no_borrow": 0.3,
    "borrow_heavy": 0.7
  }
}