{
  "runs": [
    {
      "out_dir": "project_12/results/sub3_0b_active_digits_08_seed1_v1",
      "git_commit": "4a853052fd3df731ac8fbd25a836fb25d71d8363",
      "seed": 1,
      "active_digits": 8,
      "eval_accuracy_by_mode": {
        "no_borrow": 0.6353333333333333,
        "borrow_heavy": 0.49266666666666664
      }
    },
    {
      "out_dir": "project_12/results/sub3_0b_active_digits_13_seed1_v1",
      "git_commit": "4a853052fd3df731ac8fbd25a836fb25d71d8363",
      "seed": 1,
      "active_digits": 13,
      "eval_accuracy_by_mode": {
        "no_borrow": 0.6086666666666667,
        "borrow_heavy": 0.506
      }
    }
  ]
}