{
  "git_commit": "d423010c484fcafce5abb0851bbea16798d6c94d",
  "seed": 2,
  "train_size": 2000,
  "eval_size": 800,
  "epochs": 3,
  "operation": "subtraction",
  "train_problem_mode": "borrow_heavy",
  "eval_modes": [
    "borrow_heavy",
    "no_borrow"
  ],
  "eval_accuracy_by_mode": {
    "borrow_heavy": 0.5025,
    "no_borrow": 0.6
  },
  "obs_size": 78,
  "action_size": 18,
  "metrics": {
    "final_train_loss": 1.6677875630557537,
    "final_eval_accuracy": 0.49375,
    "all_train_losses": [
      2.0770269110798836,
      1.6962843090295792,
      1.6677875630557537
    ],
    "all_eval_accuracies": [
      0.49375,
      0.49375,
      0.49375
    ]
  },
  "device": "cpu",
  "timestamp": "2026-04-14T10:23:18.101621Z"
}