{
  "timestamp_utc": "2026-04-05T02:28:53.433354Z",
  "experiment": "project_6_subspace_intervention_v1",
  "carry_direction_first5": [
    -0.00235277833417058,
    -0.09703770279884338,
    0.13055628538131714,
    0.12932386994361877,
    -0.2381155639886856
  ],
  "baseline_metrics": {
    "digit_acc": 0.935,
    "carry_acc": 1.0,
    "exact_acc": 0.935
  },
  "carry_direction_removed_metrics": {
    "digit_acc": 0.475,
    "carry_acc": 0.67,
    "exact_acc": 0.26
  },
  "notes": [
    "This is the first direct subspace intervention in Project 6.",
    "It removes the carry-related direction before output decoding."
  ]
}