{
  "timestamp_utc": "2026-04-05T00:22:04.706066Z",
  "experiment": "project_6_digit_vs_carry_dissociation_v1",
  "digit_units": {
    "units": [
      16,
      18,
      12,
      1,
      31
    ],
    "scores": [
      8.259110450744629,
      8.022729873657227,
      7.904882907867432,
      7.591392517089844,
      6.792029857635498
    ]
  },
  "carry_units": {
    "units": [
      0,
      19,
      9,
      15,
      29
    ],
    "scores": [
      3.686805248260498,
      3.337129831314087,
      3.237882614135742,
      2.77040696144104,
      2.4224495887756348
    ]
  },
  "overlap": {
    "units_a": [
      16,
      18,
      12,
      1,
      31
    ],
    "units_b": [
      0,
      19,
      9,
      15,
      29
    ],
    "overlap_units": [],
    "overlap_count": 0,
    "overlap_ratio": 0.0
  },
  "notes": [
    "This probe compares top units for digit-related and carry-related internal distinctions.",
    "Its goal is to test whether the model uses dissociable or overlapping internal substructures."
  ]
}