{
  "timestamp_utc": "2026-04-05T00:52:39.113569Z",
  "experiment": "project_6_sequence_level_probe_v1",
  "family_results": {
    "alternating_carry": {
      "mean_hidden_by_pos_first5dims": [
        [
          2.2558233737945557,
          4.516313552856445,
          -13.115313529968262,
          -3.440582036972046,
          7.235779285430908
        ],
        [
          -0.9461172223091125,
          0.04485209658741951,
          1.6053624153137207,
          1.8804092407226562,
          -1.3257520198822021
        ],
        [
          2.9218904972076416,
          3.7750234603881836,
          -11.385503768920898,
          -3.386584997177124,
          5.6755900382995605
        ],
        [
          -0.9461172223091125,
          0.04485209658741951,
          1.6053624153137207,
          1.8804092407226562,
          -1.3257520198822021
        ],
        [
          2.9218904972076416,
          3.7750234603881836,
          -11.385503768920898,
          -3.386584997177124,
          5.6755900382995605
        ],
        [
          -0.9461172223091125,
          0.04485209658741951,
          1.6053624153137207,
          1.8804092407226562,
          -1.3257520198822021
        ]
      ],
      "trajectory_diff_sequence": [
        10.244363784790039,
        8.611328125,
        8.611328125,
        8.611328125,
        8.611328125
      ],
      "trajectory_diff_mean": 8.937935256958008,
      "digit_preds_first_case": [
        1,
        0,
        1,
        0,
        1,
        0
      ],
      "carry_preds_first_case": [
        0,
        1,
        0,
        1,
        0,
        1
      ]
    },
    "full_propagation_chain": {
      "mean_hidden_by_pos_first5dims": [
        [
          -0.9461172223091125,
          0.04485209658741951,
          1.6053624153137207,
          1.8804092407226562,
          -1.3257520198822021
        ],
        [
          -2.2479453086853027,
          -1.3150663375854492,
          2.682450532913208,
          1.1661903858184814,
          -2.541041612625122
        ],
        [
          -2.2479453086853027,
          -1.3150663375854492,
          2.682450532913208,
          1.1661903858184814,
          -2.541041612625122
        ],
        [
          -2.2479453086853027,
          -1.3150663375854492,
          2.682450532913208,
          1.1661903858184814,
          -2.541041612625122
        ],
        [
          -2.2479453086853027,
          -1.3150663375854492,
          2.682450532913208,
          1.1661903858184814,
          -2.541041612625122
        ],
        [
          -2.2479453086853027,
          -1.3150663375854492,
          2.682450532913208,
          1.1661903858184814,
          -2.541041612625122
        ]
      ],
      "trajectory_diff_sequence": [
        1.038053035736084,
        0.0,
        0.0,
        0.0,
        0.0
      ],
      "trajectory_diff_mean": 0.2076106071472168,
      "digit_preds_first_case": [
        0,
        1,
        1,
        1,
        1,
        1
      ],
      "carry_preds_first_case": [
        1,
        1,
        1,
        1,
        1,
        1
      ]
    },
    "block_boundary_stress": {
      "mean_hidden_by_pos_first5dims": [
        [
          2.2558233737945557,
          4.516313552856445,
          -13.115313529968262,
          -3.440582036972046,
          7.235779285430908
        ],
        [
          -0.04314413666725159,
          1.3010302782058716,
          0.9662025570869446,
          2.889409303665161,
          -1.2813873291015625
        ],
        [
          0.281354695558548,
          1.2394567728042603,
          0.5835444331169128,
          2.5352065563201904,
          -0.6269305944442749
        ],
        [
          0.281354695558548,
          1.2394567728042603,
          0.5835444331169128,
          2.5352065563201904,
          -0.6269305944442749
        ],
        [
          2.2558233737945557,
          4.516313552856445,
          -13.115313529968262,
          -3.440582036972046,
          7.235779285430908
        ],
        [
          2.2558233737945557,
          4.516313552856445,
          -13.115313529968262,
          -3.440582036972046,
          7.235779285430908
        ]
      ],
      "trajectory_diff_sequence": [
        10.338756561279297,
        0.2692297697067261,
        0.0,
        10.33143424987793,
        0.0
      ],
      "trajectory_diff_mean": 4.187884116172791,
      "digit_preds_first_case": [
        1,
        9,
        9,
        9,
        1,
        1
      ],
      "carry_preds_first_case": [
        0,
        0,
        0,
        0,
        0,
        0
      ]
    }
  },
  "notes": [
    "This is the first sequence-level interpretability probe in Project 6.",
    "It compares hidden-state trajectories across rescued and failing families."
  ]
}