{
  "git_commit": "849d32995f643ea70e87a9bc55a7b2532a89dcab",
  "seed": 2,
  "train_size": 4000,
  "eval_size": 1500,
  "epochs": 3,
  "operation": "subtraction",
  "train_problem_mode": "mixed",
  "eval_modes": [
    "no_borrow",
    "borrow_heavy"
  ],
  "eval_accuracy_by_mode": {
    "no_borrow": 0.5993333333333334,
    "borrow_heavy": 0.5653333333333334
  },
  "obs_size": 78,
  "action_size": 18,
  "active_digits": 8,
  "metrics": {
    "final_train_loss": 1.2459361704569014,
    "final_eval_accuracy": 0.5993333333333334,
    "all_train_losses": [
      1.788021969416785,
      1.5219091044531927,
      1.2459361704569014
    ],
    "all_eval_accuracies": [
      0.5913333333333334,
      0.5713333333333334,
      0.5993333333333334
    ]
  },
  "device": "cpu",
  "timestamp": "2026-04-14T14:38:12.718230Z",
  "train_mix": {
    "no_borrow": 0.1,
    "borrow_heavy": 0.9
  }
}