{
  "git_commit": "81c868bddd735ac7d42d91bf8e9d623773cf1246",
  "seed": 0,
  "train_size": 4000,
  "eval_size": 1500,
  "epochs": 3,
  "operation": "subtraction",
  "train_problem_mode": "mixed",
  "eval_modes": [
    "no_borrow",
    "borrow_heavy"
  ],
  "eval_accuracy_by_mode": {
    "no_borrow": 0.5993333333333334,
    "borrow_heavy": 0.5106666666666667
  },
  "obs_size": 78,
  "action_size": 18,
  "active_digits": 13,
  "metrics": {
    "final_train_loss": 1.5621335960569835,
    "final_eval_accuracy": 0.5993333333333334,
    "all_train_losses": [
      1.8260727761283753,
      1.6694345739152696,
      1.5621335960569835
    ],
    "all_eval_accuracies": [
      0.598,
      0.598,
      0.5993333333333334
    ]
  },
  "device": "cpu",
  "timestamp": "2026-04-14T13:25:05.912618Z",
  "train_mix": {
    "no_borrow": 0.5,
    "borrow_heavy": 0.5
  }
}