{
  "git_commit": "104a53004eff264682c9a8ba49f5ee7cea966112",
  "seed": 0,
  "train_size": 2000,
  "eval_size": 500,
  "epochs": 2,
  "obs_size": 78,
  "action_size": 16,
  "metrics": {
    "final_train_loss": 1.139415416866541,
    "final_eval_accuracy": 0.596,
    "all_train_losses": [
      1.6879865750670433,
      1.139415416866541
    ],
    "all_eval_accuracies": [
      0.582,
      0.596
    ]
  },
  "device": "cpu",
  "timestamp": "2026-04-14T02:06:54.961920Z"
}