{
  "git_commit": "53295bda0a040c4dc3b133ae68d1bfa4cb5857b5",
  "seed": 0,
  "train_size": 2000,
  "eval_size": 500,
  "epochs": 2,
  "obs_size": 78,
  "action_size": 16,
  "metrics": {
    "final_train_loss": 1.1710074413567781,
    "final_eval_accuracy": 0.582,
    "all_train_losses": [
      1.7574211061000824,
      1.1710074413567781
    ],
    "all_eval_accuracies": [
      0.582,
      0.582
    ]
  },
  "device": "cpu",
  "timestamp": "2026-04-14T02:11:32.398199Z"
}