{
  "v31_boundary": {
    "mean": 0.7853872790911549,
    "std": 0.03572533849668783,
    "min": 0.6876889675329502,
    "p5": 0.7412251761931978,
    "p50": 0.7859888391561386,
    "p95": 0.8312761279491513,
    "max": 0.8557882751347649
  },
  "improvement_v31_v3": {
    "mean": 0.19659703089773678,
    "std": 0.031145935259459703,
    "all_pass_01": true
  },
  "gap_nn81_v31": {
    "mean": 0.07192442866875391,
    "std": 0.035514195859468675,
    "all_pass_01": false
  },
  "pass_rate_threshold": {
    "0.80": 0.35,
    "0.85": 0.05,
    "0.90": 0.0
  }
}