{
  "git_commit": "849d32995f643ea70e87a9bc55a7b2532a89dcab",
  "seed": 2,
  "train_size": 4000,
  "eval_size": 1500,
  "epochs": 3,
  "operation": "subtraction",
  "train_problem_mode": "mixed",
  "eval_modes": [
    "no_borrow",
    "borrow_heavy"
  ],
  "eval_accuracy_by_mode": {
    "no_borrow": 0.628,
    "borrow_heavy": 0.5013333333333333
  },
  "obs_size": 78,
  "action_size": 18,
  "active_digits": 8,
  "metrics": {
    "final_train_loss": 1.3033370706770155,
    "final_eval_accuracy": 0.628,
    "all_train_losses": [
      1.801905637695676,
      1.5203235773813157,
      1.3033370706770155
    ],
    "all_eval_accuracies": [
      0.5913333333333334,
      0.5926666666666667,
      0.628
    ]
  },
  "device": "cpu",
  "timestamp": "2026-04-14T14:37:49.713205Z",
  "train_mix": {
    "no_borrow": 0.7,
    "borrow_heavy": 0.3
  }
}