{
  "timestamp_utc": "2026-04-05T02:24:57.740976Z",
  "experiment": "project_6_subspace_probe_v1",
  "analysis": {
    "carry_direction_first5": [
      -0.06802941858768463,
      0.219415545463562,
      -0.10097014158964157,
      -0.18249519169330597,
      0.0548870749771595
    ],
    "success_failure_direction_first5": [
      0.04865768924355507,
      -0.251830518245697,
      0.12817586958408356,
      0.14099694788455963,
      0.019880885258316994
    ],
    "direction_cosine": -0.8916541337966919,
    "carry_projection_stats": {
      "mean_label0": -20.185997009277344,
      "mean_label1": 19.129840850830078,
      "separation": 39.31583786010742
    },
    "success_failure_projection_stats": {
      "mean_label0": -13.385787010192871,
      "mean_label1": 0.10812652111053467,
      "separation": 13.493913531303406
    },
    "carry_direction_on_success_failure": {
      "mean_label0": 10.180316925048828,
      "mean_label1": -1.8515878915786743,
      "separation": 12.031904816627502
    },
    "success_failure_direction_on_carry": {
      "mean_label0": 16.151857376098633,
      "mean_label1": -18.904266357421875,
      "separation": 35.05612373352051
    },
    "overall_digit_acc": 0.89,
    "overall_carry_acc": 1.0,
    "overall_exact_acc": 0.89
  },
  "notes": [
    "This is the first subspace-level interpretability probe in Project 6.",
    "It tests whether arithmetic-relevant distinctions are visible as directions in hidden space."
  ]
}