{
  "timestamp_utc": "2026-04-05T00:00:21.587350Z",
  "experiment": "project_6_top_unit_ablation_v1",
  "top_units": [
    7,
    19,
    11,
    0,
    28
  ],
  "top_scores": [
    21.95582389831543,
    19.320987701416016,
    18.087909698486328,
    17.590211868286133,
    16.352413177490234
  ],
  "baseline_metrics": {
    "digit_acc": 0.945,
    "carry_acc": 1.0,
    "exact_acc": 0.945
  },
  "ablated_metrics": {
    "digit_acc": 0.665,
    "carry_acc": 1.0,
    "exact_acc": 0.665
  },
  "notes": [
    "This is the first top-unit ablation test in Project 6.",
    "It evaluates whether the units identified by the success-vs-failure probe are functionally important."
  ]
}