{
  "test": "phase_c3_sat_margin",
  "seed": 223311,
  "n_total": 800,
  "metrics": {
    "overall": {
      "v3_acc": 0.86375,
      "v3_macro_f1": 0.8770907077068083,
      "v31_acc": 0.8875,
      "v31_macro_f1": 0.8892733963443997,
      "nn11_acc": 0.93,
      "nn11_macro_f1": 0.9162009198373715
    },
    "subsets": {
      "uniform": {
        "n": 400,
        "v3_macro_f1": 0.8900991070552449,
        "v31_macro_f1": 0.9051408807764739,
        "nn11_macro_f1": 0.9466940324916111
      },
      "boundary": {
        "n": 400,
        "v3_macro_f1": 0.828037143296409,
        "v31_macro_f1": 0.7755177864348171,
        "nn11_macro_f1": 0.7788733967337612
      },
      "sat_risk_ge1": {
        "n": 737,
        "v3_macro_f1": 0.8672566882417954,
        "v31_macro_f1": 0.8742614346062623,
        "nn11_macro_f1": 0.9421521635581654
      },
      "sat_risk_0": {
        "n": 63,
        "v3_macro_f1": 0.6666666666666666,
        "v31_macro_f1": 0.6666666666666666,
        "nn11_macro_f1": 0.4444444444444445
      }
    }
  },
  "error_sat": {
    "v3": {
      "errors": 109,
      "errors_with_sat": 109
    },
    "v31": {
      "errors": 90,
      "errors_with_sat": 90
    }
  }
}