{
  "git_commit": "4e60e6c713a3b2925ee1b51ffd1574cd59e97f64",
  "seed": 0,
  "train_size": 3000,
  "eval_size": 1000,
  "epochs": 3,
  "train_problem_mode": "carry_heavy",
  "eval_modes": [
    "carry_heavy",
    "no_carry"
  ],
  "eval_accuracy_by_mode": {
    "carry_heavy": 0.844,
    "no_carry": 0.026
  },
  "obs_size": 78,
  "action_size": 16,
  "metrics": {
    "final_train_loss": 0.8355810705651628,
    "final_eval_accuracy": 0.861,
    "all_train_losses": [
      1.6893723315380988,
      1.2489853843729546,
      0.8355810705651628
    ],
    "all_eval_accuracies": [
      0.5,
      0.527,
      0.861
    ]
  },
  "device": "cpu",
  "timestamp": "2026-04-14T03:13:41.696732Z"
}