{
  "git_commit": "cd9cc4ae9597178e8a9ccd7b45d4578ca8b2ecb1",
  "seed": 0,
  "train_size": 3000,
  "eval_size": 1000,
  "epochs": 3,
  "problem_mode": "carry_heavy",
  "obs_size": 78,
  "action_size": 16,
  "metrics": {
    "final_train_loss": 0.7622421954540496,
    "final_eval_accuracy": 0.843,
    "all_train_losses": [
      1.731137919933238,
      1.2133030409508563,
      0.7622421954540496
    ],
    "all_eval_accuracies": [
      0.5,
      0.559,
      0.843
    ]
  },
  "device": "cpu",
  "timestamp": "2026-04-14T02:50:59.178997Z"
}