{
  "git_commit": "ed2bd765b83108e4a12fe06292477c93265976a9",
  "seed": 2,
  "train_size": 4000,
  "eval_size": 1500,
  "epochs": 3,
  "operation": "subtraction",
  "train_problem_mode": "mixed",
  "eval_modes": [
    "no_borrow",
    "borrow_heavy"
  ],
  "eval_accuracy_by_mode": {
    "no_borrow": 0.6046666666666667,
    "borrow_heavy": 0.5106666666666667
  },
  "obs_size": 78,
  "action_size": 18,
  "metrics": {
    "final_train_loss": 1.5449934327413166,
    "final_eval_accuracy": 0.6046666666666667,
    "all_train_losses": [
      1.869480358229743,
      1.6778742207421198,
      1.5449934327413166
    ],
    "all_eval_accuracies": [
      0.5973333333333334,
      0.5973333333333334,
      0.6046666666666667
    ]
  },
  "device": "cpu",
  "timestamp": "2026-04-14T11:13:29.676525Z",
  "train_mix": {
    "no_borrow": 0.5,
    "borrow_heavy": 0.5
  }
}