{
  "git_commit": "849d32995f643ea70e87a9bc55a7b2532a89dcab",
  "seed": 1,
  "train_size": 4000,
  "eval_size": 1500,
  "epochs": 3,
  "operation": "subtraction",
  "train_problem_mode": "mixed",
  "eval_modes": [
    "no_borrow",
    "borrow_heavy"
  ],
  "eval_accuracy_by_mode": {
    "no_borrow": 0.6346666666666667,
    "borrow_heavy": 0.5253333333333333
  },
  "obs_size": 78,
  "action_size": 18,
  "active_digits": 8,
  "metrics": {
    "final_train_loss": 1.2608753594141158,
    "final_eval_accuracy": 0.6346666666666667,
    "all_train_losses": [
      1.7721748162829687,
      1.528667347771781,
      1.2608753594141158
    ],
    "all_eval_accuracies": [
      0.594,
      0.598,
      0.6346666666666667
    ]
  },
  "device": "cpu",
  "timestamp": "2026-04-14T14:37:25.298792Z",
  "train_mix": {
    "no_borrow": 0.3,
    "borrow_heavy": 0.7
  }
}